"","FJSYCA1001","FJSYCA1002","FJSYCA1003","FJSYCA1004","FJSYCA1007","FJSYCA1011","FJSYCA1012","FJSYCA1016","FJSYCA1018","FJSYCA1021","FJSYCA1027","FJSYCA1029","FJSYCA1032","FJSYCA1035","FJSYCA1038","FJSYCA1041","FJSYCA1043","FJSYCA1044","FJSYCA1048","FJSYCA1049","FJSYCA1051","FJSYCA1052","FJSYCA1057","FJSYCA1059","FJSYCA1066","FJSYCA1067","FJSYCA1069","FJSYCA1071","FJSYCA1079","FJSYCA1080","FJSYCA1083","FJSYCA1089","FJSYCA1092","FJSYCA1093","FJSYCA1094","FJSYCA1095","FJSYCA1096","FJSYCA1099","FJSYCA1103","FJSYCA1110","FJSYCA1113","FJSYCA1118","FJSYCA1120","FJSYCA1127","FJSYCA1128","FJSYCA1129","FJSYCA1130","FJSYCA1131","FJSYCA1132","FJSYCA1133","FJSYCA1135","FJSYCA1136","FJSYCA1138","FJSYCA1140","FJSYCA1141","FJSYCA1142","FJSYCA1144","FJSYCA1145","FJSYCA1146","FJSYCA1148","FJSYCA1149","FJSYCA1150","FJSYCA1151","FJSYCA1152","FJSYCA1153","FJSYCA1154","FJSYCA1158","FJSYCA1159","FJSYCA1160","FJSYCA1163","FJSYCA1164","FJSYCA1165","FJSYCA1166","FJSYCA1167","FJSYCA1168","FJSYCA1169","FJSYCA1170","FJSYCA1171","FJSYCA1172","FJSYCA1173","FJSYCA1174","FJSYCA1181","FJSYCA1182","FJSYCA1185","FJSYCA1186","FJSYCA1188","FJSYCA1191","FJSYCA1192","FJSYCA1194","FJSYCA1197","FJSYCA1198","FJSYCA1202","FJSYCA1203","FJSYCA1205","FJSYCA1206","FJSYCA1213","FJSYCA1218","FJSYCA2004","FJSYCA2005","FJSYCA2008","FJSYCA2011","FJSYCA2019","FJSYCA2020","FJSYCA2022","FJSYCA2034","FJSYCA2035","FJSYCA2037","FJSYCA2038","FJSYCA2044","FJSYCA2054","FJSYCA2058","FJSYCA2067","FJSYCA2073","FJSYCA2075","FJSYCA2079","FJSYCA2081","FJSYCA2088","FJSYCA2094","FJSYCA2097","FJSYCA2102","FJSYCA2105","FJSYCB1012","FJSYCB1016","FJSYCB1027","FJSYCB1032","FJSYCB1043","FJSYCB1049","FJSYCB1059","FJSYCB1067","FJSYCB1089","FJSYCB1093","FJSYCB1094","FJSYCB1099","FJSYCB1110","FJSYCB1120","FJSYCB1130","FJSYCB1131","FJSYCB1133","FJSYCB1135","FJSYCB1140","FJSYCB1146","FJSYCB1148","FJSYCB1151","FJSYCB1154","FJSYCB1159","FJSYCB1160","FJSYCB1166","FJSYCB1167","FJSYCB1168","FJSYCB1169","FJSYCB1170","FJSYCB1171","FJSYCB1174","FJSYCB1181","FJSYCB1182","FJSYCB1185","FJSYCB1188","FJSYCB1197","FJSYCB1203","FJSYCB1205","FJSYCB1206","FJSYCB1213","FJSYCB1218","FJSYCB2004","FJSYCB2005","FJSYCB2008","FJSYCB2019","FJSYCB2020","FJSYCB2034","FJSYCB2035","FJSYCB2037","FJSYCB2038","FJSYCB2067","FJSYCB2073","FJSYCB2075","FJSYCB2079","FJSYCB2081"
"k__Bacteria|p__Firmicutes|c__Clostridia|o__Clostridiales",0.534641284641285,0.759475634083785,0.79694743970412,0.306860575403098,0.555561446294136,0.326812568773689,0.517284569138277,0.472979378999763,0.409309069093091,0.577057204037932,0.609264732492913,0.30203491374858,0.682476184994388,0.256306287080114,0.406099690027434,0.372755511781196,0.501688648725515,0.276623167391655,0.524928206764518,0.613520762045686,0.515120319135246,0.628502664603748,0.539245395127748,0.613225925340915,0.542724033981913,0.479654206745404,0.644244937120927,0.5983728389267,0.635770274804038,0.792856678160172,0.342725592555365,0.623967304043205,0.523718386876282,0.756471413539109,0.404341972399865,0.270456478593706,0.395141168745896,0.643319822720558,0.364252435408725,0.656659278662099,0.499205276960979,0.300726744186047,0.503322207318214,0.731584551350305,0.399293917862091,0.684791754312158,0.5968947486607,0.289290410558613,0.439382272416153,0.669703580136019,0.636714345064989,0.49669944766267,0.66548722666478,0.744174516608825,0.706458222660697,0.543995988969667,0.768289868451419,0.573152948801037,0.727871026988419,0.271321800976433,0.82072970160776,0.42727724686516,0.616923444404634,0.498194945848375,0.657876673149525,0.349792597319719,0.39783184167402,0.606449314092286,0.473183254344392,0.458937648649909,0.692635526764405,0.425850928988778,0.516851284468536,0.813208228076507,0.658655876143561,0.734035257573924,0.455507156191661,0.480221829603455,0.621086828115771,0.760432174911736,0.618617876128075,0.64979232221523,0.595997794059718,0.684540973883878,0.678364637763028,0.804759386567953,0.479683895575908,0.708046146474513,0.758969969327342,0.483784570596798,0.473661028893587,0.440076544559869,0.508754237050733,0.699479166666667,0.450364438969305,0.332693304074853,0.259164307032984,0.389849246231156,0.556486495691564,0.465624935578965,0.284181472545149,0.585143677367709,0.538725691463551,0.320483720930233,0.664688671858903,0.837770897832817,0.273663257601757,0.120193612593866,0.660401746724891,0.755922671353251,0.473915024490261,0.686205651645935,0.826854149434795,0.261614829752579,0.798388350520806,0.669243126913401,0.712357869539198,0.376372928254793,0.51548988330115,0.143552036199095,0.317731440402248,0.711929897191748,0.496836944488376,0.644924540004135,0.700711802681675,0.387311099531006,0.400961295218821,0.535326362805806,0.445122228797742,0.501929777539534,0.769522006625651,0.388424017306829,0.426911314984709,0.563838742867833,0.343213331637196,0.326177327040868,0.707743213095029,0.550845452394387,0.608439289527322,0.745003686600178,0.490180636905055,0.469467004475173,0.33924041458288,0.464762387851504,0.445697091273821,0.648599958822318,0.806492045637152,0.619380717115883,0.235550634913462,0.251506189067806,0.797715293672959,0.798916213063764,0.749807122769468,0.333543152888516,0.763172263172263,0.298092551869204,0.764905034363679,0.661745652915104,0.775002718671838,0.568031597614058,0.783352153573157,0.456896551724138,0.548977294051417,0.610349869096596,0.527107584484634,0.338485541918036,0.415110472672549,0.498766193707588,0.00161082474226804,0.409437542515485,0.269825954651724,0.696426116838488,0.754566390106943,0.485193943458158,0.566233670923235,0.550394885295224,0.46226727347952
"k__Bacteria|p__Proteobacteria|c__Gammaproteobacteria|o__Enterobacteriales",0.0405335405335405,0.00180488268262563,0.012085221649216,0.132405943724312,0.00148446612236242,0.00764152096833354,0.0176603206412826,0.0963498459350557,0.17968203179682,0.00642398286937901,0.0795584775921346,0.112832696346796,0.045989581834403,0.00584745400998762,0.00135390316029501,0.00424274566255019,0.344875395499307,0.143193169002739,0.167078813018507,0.0122075279755849,0.328657830395059,0.0395822588963383,0.180362448009507,0.0230611277839204,0.077473280350781,0.10765859004018,0.0422163588390501,0.065764426712561,0.0609692866074969,0.0536399713746666,0.0422813786842191,0.145584586191797,0.0502734107997266,0.0410382321992283,0.329855267586671,0.00269350722994046,0.0165681768439483,0.0181825069131407,0.141889030072003,0.0101896894159638,0.0114042756099499,0.0346414728682171,0.058926287550301,0.0228116026199464,0.484828171783528,0.0472233908287758,0.173451384210695,0.0641893537232747,0.00320841889117043,0.0304760682663929,0.196866282865452,0.0253266873231847,0.139480574623169,0.0335717827041575,0.0607877362070274,0.242249519511991,0.0119239941533964,0.0147440051847051,0.023187592469772,0.0933638719787837,0.0676333366898265,0.436060321493675,0.0282455511764003,0.322275343935994,0.0866605651527285,0.0780950861518826,0.188390268498676,0.100510719163846,0.251895734597156,0.311803385720282,0.0435276735992726,0.205923269545862,0.254802026867782,0.0375315770479971,0.159148486980999,0.00641413530194845,0.441236258037752,0.236111111111111,0.0509942902146092,0.0481943085626781,0.0259611818518976,0.181296412838263,0.0377373355392736,0.0690635417305765,0.0631266770230193,0.00535871672836242,0.328255258890437,0.122148096273635,0.0315761942126162,0.116069868995633,0.0418722104768616,0.281765992345544,0.0322996330223828,0.0758333333333333,0.243712144543681,0.541860961262991,0.615673069564552,0.188140703517588,0.137733728415245,0.0168216207301738,0.137566717847481,0.14668617329616,0.375573886753014,0.00163720930232558,0.0135575060782132,0.0288329519450801,0.536996362138788,0.581561566995386,0.0887685589519651,0.0819683655536028,0.0348274290921517,0.136827595260757,0.0227307539135496,0.0884717805527547,0.0114525573923408,0.0059107029189779,0.103081986834231,0.0137222237908349,0.262446478045504,0.19106334841629,0.553830227743271,0.012833781825709,0.1018503874743,0.00830404520708428,0.0240026485681179,0.445446847316311,0.211990892992664,0.264693939701553,0.0888378021577821,0.273492361297239,0.0742072882158069,0.13637291318013,0.0241590214067278,0.0883297477629158,0.00763261671543061,0.0457475650165679,0.0277742962424486,0.0146520813236017,0.156896049694264,0.0578214133260895,0.0898754737412019,0.0118154050150356,0.34435022106255,0.164505595536252,0.163530591775326,0.178505250154416,0.0142696448658203,0.195299124394658,0.678769939897872,0.471530288092891,0.0305537472963608,0.0281152799377916,0.0193623852069386,0.234181936867627,0.00903630903630904,0.0183095898269433,0.18295696922504,0.0209341970678486,0.124515170188857,0.0668225052394003,0.0511910523202667,0.0510735198438517,0.0785325577031338,0.0868382577947027,0.294518065009868,0.304847097982109,0.0167248101785348,0.0382479950647748,0.989368556701031,0.0277111453224016,0.158756076743237,0.0335395189003436,0.0355847187608442,0.0471887904563583,0.076765008072802,0.00537796163971418,0.203723624327679
"k__Bacteria|p__Bacteroidetes|c__Bacteroidia|o__Bacteroidales",0.00446775446775447,0.101073430227035,0.0632390477678804,0.197533986721467,0.0842434524440674,0.00953661816848025,0.342873246492986,0.00604408627636881,0.00944905509449055,0.00617925971245029,0.0675553410941553,0.442585132389905,0.0419028980919216,0.00964616500917666,0.401111625752663,0.180278809000682,0.00799886238401649,0.0723054615756404,0.253150925335035,0.291593452325904,0.0012868356710848,0.178055698813822,0.200297088532383,0.32640972990049,0.200630309673883,0.0021429441129916,0.0608230819312614,0.257529531408902,0.0108884618903834,0.0115151909439854,0.00223728154080607,0.0530725441541381,0.140704032809296,0.0718344440547176,0.130932346011444,0.284094130989509,0.538301597723791,0.0857987044963824,0.0976473759192946,0.107049307734377,0.129380910752603,0.123401162790698,0.0953613875284649,0.161972058206692,0.0213612191089065,0.102650399663441,0.00163603118082956,0.620805532557347,0.0300308008213552,0.0446554600282305,0.00813104635289928,0.101104674659841,0.00551977920883165,0.0637438912104257,0.0357440995674281,0.0119495278683045,0.0713131779367644,0.22448152948801,0.119050048466915,0.373967813874992,0.0271540294700097,0.00149146550295531,0.0366654723516064,0.0146355742023612,0.0194485756778401,0.0965619017230376,0.29566368334804,0.0581685373240691,0.00256714060031596,0.00219185748262836,0.109103307193999,0.0761121587782484,0.00486094744284704,0.0739805124503789,0.0146375791695989,0.152890394933237,0.00174237710018668,0.00132508833922261,0.215495176215791,0.0976221872474372,0.0461738162937322,0.024040276903713,0.0878436933743008,0.00339489130212487,0.0931836369627642,0.0960338445267055,0.119132996825252,0.00169547749806494,0.150510022112847,0.0754876273653566,0.151661968522434,0.0825041006014215,0.0938734347424153,0.0700347222222222,0.18265578482702,0.00508975648410594,0.0016836305196296,0.29142378559464,0.0810599094036307,0.400482384712115,0.438985157563793,0.00193226046871118,0.021387779478183,0.365246511627907,0.175093748712243,0.000296136761340692,0.0384720982908916,0.101375192255496,0.119266375545852,0.031634446397188,0.000370201617496298,0.000196921461157242,0.08632784976871,0.0180201142738954,0.0379851790433746,0.074656724561244,0.0294733692399761,0.169664285512607,0.0777432625304341,0.400452488687783,0.0112023070097604,0.0734147519492169,0.0206389372133481,0.0228102818551444,0.103597638360095,0.00433168316831683,0.249880540798831,0.00786722160186783,0.0214412527882733,0.00715625837577057,0.00056791292001893,0.0732274786725989,0.107094801223242,0.220060487013999,0.307191621082983,0.314650065267597,0.111799062492167,0.204710507635464,0.00473163156362225,0.0883813884900462,0.0077521287591672,0.0331257547415528,0.100456621004566,0.253178201185683,0.00473420260782347,0.0700535309862055,0.0276394022175799,0.0106148803991586,0.0013782818925392,0.000788695366414722,0.0469120766048592,0.00721714618973561,0.0486050620940245,0.00282090735300974,0.0212121212121212,0.041853905727125,0.00311473744794664,0.145789294237982,0.000507485409794468,0.211510559406739,0.0328009894068936,0.351415094339623,0.168136610996435,0.0063921661963211,0.00596125186289121,0.235385895568962,0.430467200218893,0.338525601480568,0,0.0845297339873259,0.191078784280254,0.0742611683848797,0.0228713839553298,0.0277767973740868,0.0734991927198004,0.357201955622414,0.00599917252792718
"k__Bacteria|p__Actinobacteria|c__Actinobacteria|o__Bifidobacteriales",0.0116550116550117,0.000759950603210791,0.000416731781007449,0.0695542206765729,0.308981020040293,0.12935566695195,0.0645666332665331,0.15039108793553,0.0606939306069393,0.0527990211073723,0.126123409132035,0.0363943118823813,0.201082107807868,0.136582867386572,0.14568710585385,0.024888249109781,0.0421984428881226,0.00222329627839536,0.000837587747287811,0.0341718302043836,0.00922232230944108,0.00103145951521403,0.00442661913250149,0.00929289738324646,0.00660454919155933,0.142530135151589,0.171127026008292,0.019400766643198,0.182602860889987,0.00761173638670223,0.543367595084466,0.00119690556123194,0.000991114149008886,0.0145913714486145,0.0111073712554695,0.340657782818259,0.0146202670168527,0.0621235652865639,0.118016248892996,0.00558418007541522,0.081141222284034,0.0109980620155039,0.000530305393517796,0.000935695156970929,0.0575591008624927,0.0574253260412284,0.00728194270682963,0,0.297227926078029,0.108623123315796,0.0745444833521277,0.038798329516368,0.0436628688698606,0.00077909200368298,0.0400698186233589,0.0677697000083563,0.00330794676513578,0.145900842514582,0.00278047038416407,0.131607498041107,0.00375927231228812,0.00999834281610783,0.0813328556073092,0.0919114059908284,0.00108683217023224,0.00263241863433312,0.017332661036178,0.0286537205297227,0.0133096366508689,0.0145502028634053,0.0542107057620184,0.00565740254119393,0.0278694320056564,0.0298087333092746,0.025228712174525,0.00145225704949776,0.01688446380419,0.146152336081665,0.0422819452648159,0.0334340039984687,0.134627271603412,0.00347388294524858,0,0.00447880238051414,0.114131713976369,0.02799224396263,0.000479638215745837,0.0109837455309425,0.000713317640345246,0.000815138282387191,0.126468170072821,0.000574084199015856,0.0593047034764826,0.00111111111111111,0.00631352017246689,0.015878821127061,0.0124359072472641,0.00388609715242881,0.0755083273730459,0.000309220969304665,0.000201067485559699,0.00778424931680791,0.000634541450487104,0.00647441860465116,0.0122800510981992,0.0186835374882218,0.00552543070903974,0.161087487559938,0.0302183406113537,0.0190861159929701,0.0321505866271785,0.0995437986149857,0.00634132892197408,0,0.00754003212934653,0.0489527446879452,0.0868940754039497,0.229127255272892,0.00204292950493941,0.0951074660633484,0.00354924578527063,0.106948181880908,0.234777795350308,0.0589897319275033,0.0451636042597804,0.0984887962480459,0.00401945076875509,0.049284336615572,0.266581690717895,0.00190297507370678,0.0237261397696798,0.000653087881138006,0.140550458715596,0.00963427181741652,0.0816053937158122,0.0459483883924089,0.0314591532349034,0.168671847982381,0.13481510239736,0.0106329310411735,0.262169611655264,0.385669973717235,0.137819815902008,0.00564309038455442,0.221183550651956,0.0144636606959028,0.0235899084043066,0.0136721616201145,0.00456414659496588,0.228283492167817,0.0175762793725457,0.0289657853810264,0.0462158731738882,0.142560731104583,0.105787605787606,0.577301845300698,0.00768527609439009,0.101943402659393,0.0623844564468772,0.00435273254876673,0.0500080658170673,0.0676642810670137,0.118221054606868,0.101662643228724,0.0417891811334434,0.000187226960682338,0.0121759354264998,0.00508945095619988,0,0.0121728545343883,0.0455338256577727,0.0545704467353952,0.0189280418940661,0.044541700490594,0.0411712901805372,0.000564121850319669,0.0124948282995449
"k__Bacteria|p__Firmicutes|c__Bacilli|o__Lactobacillales",0.0383967883967884,0.00208986415882968,0.0613637547533469,0.00202339551059121,0.0292121726222034,0.275950605208461,0.00532314629258517,0.220431381844039,0.0523447655234477,0.265463444478434,0.0245491284154653,0.000585338980132906,0.00618758453967249,0.526868410943702,0.0261873374425482,0.260777331616032,0.0116605638309218,0.489060737876591,0.0414805360561583,0.0240913714972718,0.0510015870973277,0.0174488567990373,0.00760546642899584,0.00776601905965356,0.0175938613318717,0.211567027882625,0.0328958640304287,0.00419828417950924,0.0306828926098759,0.0105393273046646,0.0588502318342466,0.0372500364910232,0.0851332877648667,0.0459137144861452,0.0778862335913834,0.0931386447405727,0.000569052309039177,0.0305693397477177,0.194332139694274,0.00538268904176621,0.255582929349122,0.0128391472868217,0.138316124403406,0.0555931984641693,0.0228359476247933,0.0356541859486748,0.0379174285439322,0.0122242244192276,0.0220739219712526,0.0221994097266778,0.00575701822066592,0.0328708069513674,0.00283065600452905,0.00509951129683405,0.00356682097594293,0.025236065847748,0.0200784675744288,0.030298120544394,0.00446405795622672,0.0691338677596287,0.02712046453865,0.0715351046787825,0.0729129344321032,0.0166845545906918,0.0285436448918888,0.321075303126994,0.00787848228917181,0.0509531444860146,0.110110584518167,0.0511122510842699,0.00789862484373224,0.00741954431631991,0.0315814282347396,0.0362324070732588,0.0318437719915552,0.00407438783331316,0.00348475420037337,0.0406360424028269,0.0553258515455798,0.0458122421200391,0.00574854741006305,0.00994336060415356,0.0285984400850863,0.218029735975622,0.0184296003389352,0.000987132028908867,0.00299202886965261,0.102134090155173,0.00102242195116152,0.277438136826783,0.0238724453840733,0.16858939311099,0.107375969969465,0.0195138888888889,0.0351349964069397,0.0575416780957606,0.0601515267467667,0.0257621440536013,0.0373284288682266,0.000577212476035375,0.00621481319002705,0.0924724652883209,0.00604680676346534,0.219944186046512,0.00181316190711666,0.0130838605465069,0.00755027798750772,0.00479507825929612,0.0180960698689956,0.0596133567662566,0.159699282378403,0.0548098066887656,0.00333915387678829,0.576514387652214,0.0136290615121521,0.0367372919887242,0.00706163973668462,0.00609876612925996,0.00652058321439566,0.0586821266968326,0.0885832593907128,0.0135237700959084,0.0495018187569192,0.0131279718833988,0.00289687137891078,0.0082725377800938,0.0347415465047643,0.0171556187189118,0.0654390676924478,0.050656660412758,0.0422148603880738,0.26331687007633,0.0614678899082569,0.047360708383999,0.0131026586948225,0.0498845265588915,0.00584062366831274,0.0256092899655995,0.0173735805105309,0.0426675462765338,0.0516316385293104,0.0128809225013615,0.00873378270638545,0.0509146244808674,0.044653961885657,0.0354642783611283,0.000739193315121324,0.0103947561512498,0.0119074517601338,0.00817176032424143,0.0148253921589215,0.00286741835147745,0.0302630596550609,0.0819461929407376,0.00925470925470926,0.0389616598145138,0.0082269695635982,0.0280941016024548,0.02149563200058,0.0278897307754312,0.0313491423347852,0.00325309043591412,0.00469131169074873,0.0149943898541362,0.0410641640149837,0.00526315789473684,0.00212052807989603,0.0354719309068476,0.00306056701030928,0.0184024918549282,0.302408431365273,0.0177319587628866,0.0059307864601407,0.0104824762644266,0.0055041831792162,0.0387739751786386,0.237774100124121
"k__Bacteria|p__Firmicutes|c__Erysipelotrichia|o__Erysipelotrichales",0.304649054649055,0.0236534625249359,0.0609991144449654,0.0122668352829592,0.00121938288622628,0.150629661327791,0.00594939879759519,0.0314648020858023,0.182731726827317,0.056408687672071,0.062850594125098,0.00092965602726991,0.00949722278182289,0.00102437150539929,0.00320661274806712,0.00409121903174483,0.0765757758896513,0.0046077009827614,0.00933312061263561,0.00559511698880977,0.0304122163599708,0.102501289324394,0.0106951871657754,0.00713420733954615,0.0292956974513565,0.0304151954218921,0.0393037042113559,0.0038332159899867,0.011833958581145,0.0947238305900722,0.00713336143445414,0.0132535396292512,0.025974025974026,0.00820764643984567,0.0333557724671828,0.00153104621491352,0.018931932589188,0.095382400848517,0.0572561703438451,0.0513802135804957,0.00178812683779703,0.0138565891472868,0.124996100695636,0.0114864646855742,0.0109934307547929,0.0383887252839714,0.173964648894877,0.0055033360931184,0.106776180698152,0.0119337867316823,0.0617247314380675,0.0699851811935875,0.0899440945439106,0.0973156739145832,0.0190483418076952,0.0979359906409292,0.0412339410723902,0.00275437459494491,0.0771899392888118,0.00584654330661202,0.0288322760379955,0.0239463072418936,0.134479875791234,0.0460532734900966,0.166914540670404,0.112196873005743,0.0666834740955502,0.0113724092879625,0.13001579778831,0.1468544513361,0.0363109444255029,0.117259714965839,0.0581840678765025,0.00512450378924576,0.0941590429275158,0.0680140384848118,0.0298278365484339,0.0809285433843738,0.00708800945067927,0.00752903143476966,0.0898751390777599,0.098980490874764,0.049948790672024,0.00406977933206536,0.00640210893000047,0.0143839238498149,0.00340314734029189,0.0196454240536655,0.0160258696530899,0.0351091703056769,0.104856706600893,0.0152268999453253,0.0313751855898255,0.074375,0.0162714300379838,0.0270336167748621,0.0213514961353027,0.0577889447236181,0.0973400088552842,0.0232740316229978,0.0138553776412956,0.158831810528059,0.0240005972154828,0.00468837209302326,0.0440103844727408,0.0864988558352403,0.0648294323563731,0.00741880032570343,0.00237554585152838,0.0474516695957821,0.000370201617496298,0.0127342544881683,0.0236804215298839,0.0432275911993588,0.093900606311862,0.0270679882392168,0.0118192698982645,0.195555806533586,0.0294685584753589,0.0718325791855204,0.00905797101449275,0.0399503208445456,0.0408824924877432,0.0932051547102198,0.0451636042597804,0.0324713392391871,0.0306658796413413,0.0579129022434271,0.0393317248600173,0.024765478424015,0.0174790976494715,0.0516755785950447,0.197614678899083,0.0375705422006049,0.237501590128482,0.198754895069786,0.0888627077432131,0.0145246719207878,0.0642288653790158,0.0343629942954713,0.0374317074371216,0.0670092108067151,0.0487424802493296,0.0281520464128333,0.104794383149448,0.0313465101914762,0.118624457657079,0.130680428508536,0.0556509557594107,0.0385146237265856,0.0887213624241406,0.120285769828927,0.0347925636494861,0.179046020422437,0.0702429702429702,0.00724256621091883,0.00470596201374547,0.0344016365496079,0.00260992496465727,0.0329679187489924,0.0439855890735065,0.0566851008458035,0.062957402889848,0.158274115126993,0.0606396262133967,0.041501976284585,0.0116971065052329,0.0339296730413325,0,0.191149618703233,0.0259398077708094,0.0940893470790378,0.142812076090728,0.105354180637419,0.0396301188903567,0.0199699135013163,0.0349193214729003
"k__Bacteria|p__Firmicutes|c__Negativicutes|o__Selenomonadales",0.000194250194250194,0.0328678635888667,0.000781372089388967,0.00158077774264938,0.00551373131163185,0.0772099278640421,0.031938877755511,0.00165916093861105,0.0205479452054795,0.000917711838482716,0.00211110440919235,0.0367041972248046,0.000863383889256626,0,0.011258773648769,0.0319721190999318,0,0.00202996616723055,0.0021936821952776,0.00291316008508277,0.00102946853686784,0.00210589651022864,0.0173202614379085,0.00629179171273627,0.0233762674705399,0.00175331791062949,0.00250145632731385,0.0391666014759185,0,0.00204931364257368,0.000259394961252878,0.0173405342285798,0.0166438824333561,0.00550683970536654,0.000302928306967351,0.000198468953785086,0,0.00215917269593545,0,0.139230304251461,0.00182786298974807,0.49031007751938,0.00839130299154631,0.00700158100216178,0.000446887429056621,0,0,0.00112014805435153,0.0592488021902806,0.0569742076222251,0.00160246898925752,0.00181867169607975,0.000212299200339679,0.000920745095261704,0.100402215982394,0.000250689395838556,0.0497730594661128,0.00672391445236552,0.00976990969848477,0.010819118799349,0.0004363441076763,0.02637684361708,0.000119431506031291,0,0.000858025397551768,0.00143586470963625,0.00586159082314383,0.126818694696835,0,0,0.0447778156608706,0.0893127647077009,0.000972189488569408,0.00115481775532299,0.00372976776917664,0.00415506878050748,0.0470441817050404,0.00691990577149588,0.00118133490844654,0.00225445574035476,0,0.000604153555695406,0.117899629717167,0.00883489784649365,0.000800263616250059,0.0166049709148599,0.00703469383093895,0.000737164129593454,0.0259409848538888,0.00486171761280932,0.00387596899224806,0.00347184253690541,0.0384065887889739,0.0200694444444444,0.0206344317831845,0.0078022614367133,0.00669625774852682,0.0322278056951424,0.00190729198596778,0.000927662907913995,0.00208379030489142,0.000800507908466061,0.000410585644432832,0.0188651162790698,0.00836526970783368,0.000834567236505586,0.0583773766215938,0.00217135619288881,0.0203668122270742,0.00207381370826011,0.113936667046361,0.00462765433719518,0.000398247710075667,0.000542930272240751,0.00150282427320309,0.104877087690582,0.0334829443447038,0.00056470056752407,0.00442168303808804,0.0329468325791855,0.00077639751552795,0.0155247360794866,0.00917286098371026,0.0565433119702295,0.00444186944766319,0,0.00303566911206678,0,0.00546273956389129,0.0198070222460466,0.0165010253983278,0.0467366014939385,0.00562691131498471,0.00261902534842391,0.00175974218716872,0.000662717140275128,0.00185496202341263,0.001510711490508,0.00106765019897117,0.000310450541348131,0.00383914948073042,0.00265195463263325,0.000652315720808871,0.000285324794724662,0.000160481444332999,0.000514721021206506,0,0.00560093919679108,0.000610059198337024,0.000635337934056304,0,0,0.000298648615017048,0.000979157924185201,0.0012012012012012,0.010923606463333,0.00206520635135593,0,0.0025736760068148,0.0137030469127841,0.000645265365381513,0,0,0.00540614055965455,0.00151045233012446,0.000603286873309757,0.00287297352760107,0.000308451573103023,0,0.229852135619921,0.00434185623631573,0.00501718213058419,0.000347014101391211,0.026717961387781,0.037355056509614,0.00786009778112072,0.00165494414563508
"k__Bacteria|p__Actinobacteria|c__Coriobacteriia|o__Coriobacteriales",0.00563325563325563,0.00294480858744182,0.00270875657654842,0.00499525766677205,0.0111865125649454,0.0210905978726006,0.0030686372745491,0.0182507703247215,0.060993900609939,0.0179871520342612,0.025091983834972,0.0100884894811142,0.00515152387256454,0.00584745400998762,0.00384793529768055,0.0253049473444958,0.000995413985566497,0.00898985016916385,0,0.0112827152501618,0.0051902372067087,0.0256145779611484,0.00300059417706477,0.000763439161796451,0.00479583447519868,0.0208693534640205,0.00250145632731385,0.00174711204985788,0.0448043431847989,0.0187691106629367,0.00230213028111929,0.000350313822799591,0.00365686944634313,0.0237460540161347,0.0101985863345675,0.00544371987524809,0.00120376449989057,0.057805219894693,0.0217550344615148,0.0104775337497481,0.0157752523245649,0.00973837209302326,0.00736188663942353,0.00671119284999839,0.000446887429056621,0.0112536811106437,0.00404195938793186,0.00141236059026932,0.00598904859685147,0.013152829462338,0.00581636892397175,0.0597467331267682,0.05286250088458,0.0111197676889298,0.0206420277756697,0.00116988384724659,0.0161550888529887,0.00105314322747894,0.00989745421151982,0.00349587125549997,0.0203403484039875,0.000165718389217257,0.0228711334049922,0.00048785247341204,0.0228806772680471,0.00885449904275686,0.010777763771587,0.0102737692262011,0.0110584518167457,0.0118453574593107,0.0032958290714854,0.055399264228522,0.0103405609238746,0.00249007578491519,0.0110485573539761,0.00157327847028924,0.000995644057249533,0.00446603847663918,0.00359322701319157,0.00378578416776554,0.049573494869576,0.0137193203272498,0.0507760182777909,0.00177925026075219,0.0215835804735678,0.0302485457429931,0.00623529680469589,0.0133795289521212,0.00993889245547709,0.00276564774381368,0.0633662203429645,0.00442864953526517,0.00974871837969577,0.0205902777777778,0.00800739143825069,0.000975282679589162,0,0.00683417085427136,0.0108306937774599,0.0113999464016987,0.00541054324778826,0.00295359814502995,0.0271359785002426,0.00026046511627907,0.00885976840977459,0.00578812760802261,0.00281419452261651,0.0126210078711662,0.00475109170305677,0,0.000170862284998291,0.00249433850799173,0.013816132095702,0.00398148866309884,0.021557755091465,0.0220969355278712,0.00517654099341712,0.00844227348448485,0.00573699381524081,0.00263009049773756,0.00025879917184265,0.015110743117367,0.0215878538668354,0.0181586382744125,0.0116426640180985,0.00289864512767066,0.0125642971582764,0.0656278550400975,0.0212364000546274,0.00576253015277406,0.0200662565073355,0.00751051063308707,0.0265443425076453,0.0205468774358495,0.00521562142221091,0.0138367305954413,0.00741984809365052,0.0124861214757649,0.00157721052120742,0.0201210757111258,0.0216813505930994,0.0169535671157626,0.0164890918315576,0.0116032083188029,0.0139618856569709,0.00483837759934116,0.0084525148642134,0.0130362471261557,0.00377332911564011,0.000460072297075255,0.00161693370571807,0.00848075427682737,0.0114233095244021,0.019583158483704,0.00103740103740104,0.00406348599292475,0.0238006568033314,0.00514831230821684,0.00757603218907456,0.0187812348863453,0.00467817389901597,0.0114671437865973,0.0106961906549071,0.0106762775832172,0.0189310025375599,0.0107551487414188,0.000923455776728914,0.00185070943861814,0,0.00408148652035373,0.00155861505919026,0.0205498281786942,0.0104104230417363,0.0143295803480041,0.0205856450902686,0.00293343362166228,0.0102192800992966
"k__Bacteria|p__Verrucomicrobia|c__Verrucomicrobiae|o__Verrucomicrobiales",0,0.0746651467654602,0,0.264495731900095,0,0,0.00469689378757515,0.000237022991230149,0,0,0.00168888352735388,0.00227249251110422,0,0.0574501685944769,0,0,0.00974083685875787,0.00022555179635895,0,0,0.015999656843821,0,0,0,0,0,0.00209025802693349,0,0.0213499252752615,0,0,0,0.00150375939849624,0.00014030164854437,0,0,0,0.000340922004621387,0,0,0.000397361519510451,0.000193798449612403,0.0142558567551549,0.000258122801923015,0.000983152343924565,0.0198779974758098,0,0,0.000983915126625599,0,0,0.17156136333019,0,0,0,0.00518091418066349,0,0,0,0,0.0008726882153526,0,0,0,0,0,0,0,0.00130331753554502,0.00167886956116215,0,0,0.000294602875324063,0,0,0,0,0,0,0.000170147603045642,0,0,0,0,0,0,0.0507502912089167,0.000221149238878036,0,0,0.00328870096311957,0.00169491525423729,0.00574277950528056,0.00315972222222222,0,0,0,0,0.000204352712782262,0.072955534024614,0.10078964685238,0.000993733955337179,0.000821171288865664,0,0.000164832900646969,0,0.000857986134944059,0,0.0189694323144105,0.00070298769771529,0.000484109807495159,0.000918966818733795,0.000336978831602488,0,0,0.00454669455305993,0,0,0.0897209862032295,0.00183823529411765,0.0137533274179237,0.00641689091285448,0.00300490273604302,0.0239818069051065,0.000855266788059372,0.00188900468994268,0,0,0,0,0.00287111531787348,0,0,0,0,0,0,7.28053730365301e-05,0,0,0,0,0,0,0.000361083249749248,0.0134856907556105,0,0,0,0,0,0.00109350699844479,0,0,0.0174720174720175,0,0.000710972678335647,0,0.000217493747054772,0.000564243108173464,0,0.00081327260897853,0.000844436104334772,0.000204005304137908,0.000422926652434849,0.0550239234449761,0.0735686435460702,0.040098704503393,0,0.000501235186710107,0,0,0.000630934729802202,0,0,0.00955246333207973,0.00111708729830368
"k__Bacteria|p__Proteobacteria|c__Gammaproteobacteria|o__Pasteurellales",0.0457135457135457,0,0,0,0,0,0.000250501002004008,0.00201469542545627,0.0003999600039996,0.000367084735393087,0,0,0,0,0,0,0.000355504994845178,0,0.000358966177409062,0.00194210672338851,0.00300261656586454,0,0.0237967914438503,0,0.0044395724856125,0.00316571289419213,0,0,0.000304998932503736,0.00683104547524559,0,0,0.143438140806562,0.0111189056471414,0.00144732413328845,8.50581230507513e-05,0.000262639527248851,0,0,0.00768544371204053,0.00286100294047524,0.00188953488372093,0.0477586798515145,0.000322653502403769,0.000625642400679269,0.000736222128733698,0.000834055111795464,0.00194808357278527,0,0.0375336840754523,0.00872455338595762,0,0,0,0,0,0.0164628048311409,0,0,0.00144656741606895,0,0.000110478926144838,0.000298578765078228,0.00751292809054542,0,0.0277999361837907,0,0.000148464873210998,0.00023696682464455,0,0,0.000185488607907998,0,0,0,0,0,0,0,8.5073801522821e-05,0,0,0,0.000429474200871219,0,0,0.000251239065390677,0.00398068629980465,0,0.00302765647743814,0.000968992248062015,0,0.00871221671288904,0.000243055555555556,0.00377271327379119,0.00405351863704246,0.00413254763909084,0.00117252931323283,0.000647116923810497,0,0,0.000414055814723825,0.00369527079989549,0.031293023255814,0.000370874026455681,0.00201911428186835,0,0,0.000419213973799127,0.000738137082601055,0,0,0.00591244677266183,0.00641174797693839,0.00243561175312225,0.000151556485101998,0.00167564332734889,0.000112940113504814,0.00355413763188089,0,0.000221827861579414,0.000413992962119644,0.0192155622331172,0.000792502239680243,0,0.0013353309015112,0.0500042162071001,0.00197949446756674,0.0436108708517321,0,0.0125571856759741,0.0260010612678068,0,0.00857419012876875,0.000636051392952551,0,0.000501341087408819,0,0.00550810443560128,0.00021343474717684,0.0344046857311611,0,0.000616075958541712,0.020416574200298,0.000722166499498496,0.000669137327568458,0,0.000195665998141173,0.0069140042478196,0,0.00117595178597677,0.00036450233281493,0,0,0.000655200655200655,0.000334640022946744,0.00182821545857738,0.000920559154449369,0.000724979156849241,0.0498146058358859,0.000376404796472549,0,0.000375304935259899,0,8.05574576066379e-05,0.000145620969419596,0,0,0,0.0213741004618524,0.000556648235425094,0.000103092783505155,0.000441654310861541,0.23506158895987,0.129311610157053,0.00048890560361038,0.0255275134464212
"k__Bacteria|p__Fusobacteria|c__Fusobacteriia|o__Fusobacteriales",0,0,0,0,0,0,0,0,0.0162483751624838,0,0,0.0092965602726991,0.00483494977983711,0,0,0,0,0,0,0,0.00012868356710848,0,0.00273321449792038,0.00402779971568473,0,0,0,0.000104305197006441,0,0.00019517272786416,0.000194546220939658,0.106174281126843,0,0,0,0,0,0.000151520890942839,0.000385044857725925,0,0,0,0,0,0,0,0.00112276649664774,0,0,0,0,0,0,0,0.005312286559915,0,0.000384644972690207,0,0,0,0,0.00110478926144838,0,0,0,0.000398851308232291,0.000567250724820371,0.000801710315339391,0,0,0.0019320377315604,0.000309147679846663,0.0865248644826773,0,0,0.00685788051151721,0,0,0.000443000590667454,0,0,0,0.028243913968329,0.000429474200871219,4.70743303676505e-05,0.000458311299136259,0,0,0,0,0,0,0,0,0,0,0,0.00160804020100503,0.000306529069173393,0,0.000219346347883308,0,0,0.0233674418604651,0,0,0.000480472235568673,0.000407129286166652,0.000139737991266376,0,0,0,0,0,0,0,0.00484739676840215,0,0,0.00166855203619909,0,0,0,0,0.0493847596976218,0,0,0,0,0.113186813186813,0,0,0.00159021406727829,0.000187073239173136,0.000106008565492092,0.00273119791143689,0,0,7.27943317480346e-05,0,0,0,0,0,0,0,0,0,0,0,0,0.000145800933125972,0,0.0001631929873642,0,0,0,0,0,0.000725455424794454,0,0,0,0,0.000362508559229871,0,0,0,0,0,0,0,0.000315467364901101,0,0,0,0
"k__Archaea|p__Euryarchaeota|c__Methanobacteria|o__Methanobacteriales",0,0,0,0,0,0.000305660838733341,0,0,0,0,0,0,0,0,0,0,0,0,0,0,0.000257367134216961,0.000343819838404676,0,0,0.0490545354891751,0,0.000651063975602234,0,0,6.50575759547199e-05,0,0,0.00358851674641148,0,0,0,0,0,0,0,0,0,0,0,0,0,0,0,0.028790212183436,0,0,0,0,0.0336426092499469,0,0,0,0,0,0,0,0,0,0,0,0,0,0.000356315695706396,0,0,0,0,0,0,0,0.00705958287950301,0,0,0,0,0.0266411175670664,0,0,0.000286316133914146,0,0,0,0,0,0,0.00293634014564247,0,0.0927528923999216,0.000416666666666667,0,0.000121910334948645,0,0,0,0,0,0,0,0,0.0447109243004904,5.38430475164894e-05,0,0,0.00129257641921397,0,0,6.56404870524139e-05,0,0,0,0.000545603346367191,0,0,0,0,0,0,0,0.00709806353800565,0,0,0,0,0,0,0,0.0027348055022654,0,0,0,0,0,0,0.00145588663496069,0,0,0,0,0,0,0,0,0,0,0,0,0.000121500777604977,0.0590577636196212,0.000815964936821001,0.000191100191100191,0,0,0,0,0,0.000107544227563586,0,0,0,0,0,0.0321157397906834,0,0,0,0,0,0,0,0,0,0
"k__Bacteria|p__Proteobacteria|c__Gammaproteobacteria|o__Betaproteobacteriales",0.0123672623672624,0,0.00104182945251862,0.000442617767941827,0,0,0.00475951903807615,0,0.0051994800519948,0,0,0.0450022380608064,0.00189944455636458,0,0,0,0,0,0,0,0.0175438596491228,0.000472752277806429,0,0.00144790185857948,0.000465881063305015,0,0.000685330500633931,0.0094396203290829,0,0,9.72731104698291e-05,5.83856371332652e-05,0,0.0165205191160996,0,0.00141763538417919,0.0144014007441453,0.00136368801848555,0.000731585229679258,0.000316628767162718,0.000635778431216721,0.000678294573643411,0,9.67960507211306e-05,0,0,0,0.00311693371645644,0,0.00192480431156166,0,0,0,0.000212479637368086,0.00516050694391743,0,0.000384644972690207,0.000891121192482178,0.0241569307688383,0.0301669579892713,0,0,0.00459811298220471,0,0,0.000199425654116146,0.00397075507374259,0.00507749866381614,0,0,0.00295488123650415,0.0141898785049618,0.000265142587791657,0,0,0.00657549719633709,0.00207425845260319,0,0,0,0.000247249350970454,0,0.000433309698258883,0,0.000706114955514758,0.000669839591045302,0.000890756686385127,0,0.000332881565494448,0,0.00267206953253465,0.000191361399671952,0,0.000868055555555556,0.0128836875064162,0,0,0.000201005025125628,0,0.00379311055680389,5.48365869708269e-05,0,0,0.00677209302325581,8.24164503234846e-05,0.00129223314039575,0.00223076395085455,0.000949968334388854,0.00125764192139738,0.000140597539543058,0.00179405399248206,0.000164101217631035,0,0,0.00948333937917811,0,0,0.000338820340514442,0,0,0.000110913930789707,0.000689988270199407,0.00166060414360272,0,0.00698008056061358,0,0.000252972426005565,0,0.0022761414849547,5.36049316537121e-05,0.00473260766682442,0.000122453977713376,0.00110091743119266,0,0.00012721027859051,0.000421729089265991,0.000701877522372346,0.000436832238219181,0.0030816267106668,0.000116418953005549,0.000418368853669341,0.000260459829990766,0.00184822787562514,0,0,0,0.000192833038727302,0,0,0,0.000818966422376683,0,0.00012443692292377,0.004079824684105,0.000191100191100191,0.00279663447748351,0,0.000579611319468121,0,0.000564243108173464,0.00059149325159972,0.000731945348080677,0.000281478701444924,0,0,0,0.00157329502701963,0,0.00177190721649485,0,0,0.000206185567010309,0.0047004637370264,0.00335298062330145,0.00994422427711728,0.00097781120722076,0
"k__Bacteria|p__Tenericutes|c__Mollicutes|o__Mollicutes RF39",0.000582750582750583,0.000664956777809442,0,0,0,0,0.000876753507014028,0,0,0.0163964515142245,0.00120634537668134,0,0,0,0,0.0954996590650807,0.00170642397525685,0.000612212018688577,0,0.00235827244982891,0,0.00335224342444559,0,0,0.00287750068511921,0,0,0,0,0,0,0,0.00273410799726589,0,0,0,0,0,0,0,0,0,0,0,0,0,0,0,0,0.000128320287437444,0,0.000336791054829584,0,0.00495785820525533,0,0.00426171972925545,0.000692360950842372,0,0,0.00129588331022844,0,0,0,0,0.0148724402242306,0,0,0,0,0,0,0,0,0,0,0,0,0,0,0,0,0.0175959723096287,0.00031513432600646,0.00081804609689756,0,0,0,0,0,0,0,0,0.00588284729809228,0.00798611111111111,0,0,0,0,0,0,0.00321707976895518,0,0,0,0.00436807186714468,0,0,0,0.0317903930131004,0.000281195079086116,0,0.000196921461157242,0.00968048279876237,0.00116342201194447,0,0.00500136400836592,0,0,0,0,0,0.00324294486993721,0,0.0518572117703811,0,0.0122785304846274,0,0,0,0,0.00391228900457485,0.00126535776970489,0,0,0,0,0,0,0,0,0,0,0,0,0,0,0,0,0,0,0,0.00184681181959565,0,0,0,0,0,0,0.00054373436763693,0.00185394164114138,0,0,0,0.00438611403896501,0.000120836186409957,0.00684418556272103,0,0,0,0.000214815080018617,0,0,0,0,0,0.00203083866115081,0
"k__Bacteria|p__Firmicutes|c__Bacilli|o__Bacillales",0,0,0,0.000505848877647803,0,0,0,0,0.0001999800019998,0,0,0,0,0,0,0,0,0,0.000119655392469687,0,0,0,0,0,0,0,0,0,9.14996797511209e-05,0,0,0,0,0.00112241318835496,0.00010097610232245,0,0,0.000416682450092807,0,0,0,0,0,0.000258122801923015,0,0,0.000192474256568184,0.000389616714557054,0,0,0,0,0,0,0,0,0,0,0,0,0,0.000441915704579351,0,0.000292711484047224,0,0.000319081046585833,0.000252111433253498,0,0.00126382306477093,0.000326446859114863,0,0,0,0,0,0,0,0,0,0,0,0,0.00031513432600646,0.000245413829069268,0,0.00239732064163582,0,0.000442298477756072,0,0,0,0,0.000112054234249377,0.000173611111111111,0,0,0,6.70016750418761e-05,0,0,5.48365869708269e-05,0,0,0,0,0.000296136761340692,0.000308875008579861,0,0,0.000281195079086116,0.156196605535938,0.000492303652893104,0,0,0.000103643053324351,0,0,0,0,0,0.000591540964211772,0,0.000474458326743634,0.000206739714699194,0,0,0.00016864828400371,0,0.000204852733645923,0.000723666577325114,0.000347057895567124,0.000408179925711254,0,0,0,0,0,0,0.000218382995244104,0,0.000270709258256632,0,0.00105095310574763,0.000285324794724662,0,0,0,0.000171207748373526,0,0,0,0,0,0,0,0.000119514293909552,0,0,0.00036248957842462,0,0,0,0,0,0.00122850122850123,0,0,0,0,0,0,0,0,0,0,0,0.00028961522548614
"k__Bacteria|__|__|__",0,0,0,0,0.00212066588908917,0,0,0,0,0,0,0,0,0.000170728584233215,0.000676951580147504,0.000113644973104023,0.000853211987628426,0,0,0,0.0145841376056278,0,0.00377302436125966,0.000289580371715895,0,0,0.000274132200253572,0,0,0,9.72731104698291e-05,0.00067143482703255,0,7.01508242721852e-05,0.000370245708515651,0,0,0,0,0,0,0,0.000686277568081854,0,0,0,0,0,0,0.00179648402412421,0.000118701406611668,0,0,0.00134570436999788,0.00136601654397814,0,0,0,0,0.00370682900367669,0,0.000220957852289676,0,0.00165869840960094,0.000572016931701178,0,0,0.000296929746421997,0.00315955766192733,0.000419717390290538,0.00153426525741562,0.000278232911861996,0.00347631392882395,0,0,0.00609141151317116,0.000663762704833022,0,0,0,0,0.000276903713027061,0.000196958953754038,0.000224962676646829,0.00110624676363979,0,0.000479638215745837,0.00803508901256865,0,0.000640465793304221,0,0,0,0.00107638888888889,0.00538959039113027,0.00280393770381884,0.00845641692813959,0,0.000442764211028235,0.00307159496175967,0.000603202456679096,0.000248433488834295,0.000485237579784256,0,0.0110850125685087,0.00172297752052766,0.00116686114352392,0,0.00146724890829694,0,5.69540949994305e-05,0.000131280974104828,0,0,0,0.000212179079142797,0.000269299820466786,0,0,0,0,0,0,0,0.00082767753683165,0.00273579989577905,0.000393512662675324,0,0,0,0.00750907083136141,0.000775541858851382,0.00207951070336391,0.000717114083497022,0,0.000100411687920474,0.00872333492091344,0.00600644327551373,0,7.76126353370329e-05,0,0,0,0,0,0,0,0,0.00051968005784265,0,8.39965561411982e-05,0.00036450233281493,0,0.0001631929873642,0,0,0,0,0,0.00120909237465742,0.000699037479163306,0,0.0062863576656033,0,0,0.000332847930101935,0,0,0,0,0,0.00271477663230241,0.000504747783841762,0,0,0.000150432493418578,0
"k__Bacteria|p__Proteobacteria|c__Deltaproteobacteria|o__Desulfovibrionales",0,0,0.000416731781007449,0.000632311097059753,0,0.00146717202592004,0.000751503006012024,0,0.0005999400059994,0,0,0.00103295114141101,0,0,0,0,0,0,0,0.000323684453898086,0.000300261656586454,0.000988482035413443,0.00121806298276887,0,0.0114825979720471,0,0.000376931775348662,0.000443297087277374,0.00033549882575411,0,0,0.000437892278499489,0,0,0,0.000283527076835838,0,0.000265161559149968,0.00373493511994147,0.00164071270257045,0,0.000145348837209302,0,0,0,0,0,0,0.000427789185489391,0.000577441293468497,0,0.000336791054829584,0,0.00162901055315532,0.000910677695985429,0,0,0,0.000637722565175246,0.00123560966789223,0,0,0.00155260957840678,0.000292711484047224,0.000286008465850589,0.000358966177409062,0.00479011723181646,0,0.000118483412322275,0.000279811593527025,0,0.000216403375892664,8.83808625972189e-05,0.000469144713099964,0,0.000685788051151721,0,0,0.00191966922622563,0.000552979709898337,0.00129805909259488,5.03461296412838e-05,0.000275742535255653,0.000122706914534634,0,0.000105764145954521,9.13596601420643e-05,0.000479156684235745,0.0048267826996695,0,0.000381724218933521,0.00147621651175506,0.00523853545115836,0.00506944444444444,0,0,0,0.000603015075376884,0,0.000123688387721866,0.00391167653725232,0,0,0.000595348837209302,0.00317303333745416,0,0.000480472235568673,0.00741880032570343,0.000174672489082969,0,0,0,9.19033177097693e-05,0,0.00137327045654765,0,0.003081986834231,0,0.000335824028209218,0,0,0,0,0,0.00427633394029686,0,0.000674593136014841,0,0,0.000375234521575985,0,0,0.000489296636085627,0.00034296760515075,0.00190815417885765,0.00100411687920474,0.000100268217481764,0.000236617462368723,0.000145588663496069,0.000174628429508324,0,0.000165747164539578,0,0.000253622039755255,0,0,0,0,0,0,0,0,0,0,0.000546000546000546,0,0,6.81895669962496e-05,0,0.00032242463324198,0,0,0,0.00081602121655163,0.000281951101623233,0.000540877886415644,0.00044462685546207,0,0,0,0,0,0.000757121675762642,0,0,0.00330951485520872,0
"Unassigned|__|__|__",0,0,0,0,0.000265083236136147,0,0,0,0,0,0,0,0,0.000256092876349823,0.000570064488545267,0,0.00124426748195812,0,7.97702616464582e-05,0,0.00613391669883756,0,0.00552584670231729,0,0,0,0.000239865675221876,0,0,6.50575759547199e-05,0.000291819331409487,0.000642242008465917,0,0,0,0,0,0,0,0,0,0,9.35833047384347e-05,0,0,0,0,0,0,0,0,0,0,0.000849918549472342,0.000303559231995143,0,0,0,0,0.00162738834307757,0,0.000248577583825885,0,0,0,0,0,0,0.00161927330173776,0,0.000227298556654165,0.00024731814387733,0.00382983737921282,0,0,0,0.000207425845260319,0.00240478994895956,0.000443000590667454,0,0,0.000226557583385777,0.000196958953754038,0.000184060371801951,0.00174175022360307,0,0.000319758810497225,0.00807194721904832,0,0,0,0,0,0,0.0143465763268658,0.00295632562250465,0.00968087548787021,0.000435510887772194,0.000204352712782262,0.000494753550887464,0.00157198215983037,0.000883319071410826,0.00037325967675712,0,0.00737627230395187,0,0.0061088612808017,0,0.000104803493449782,0,0,0,0.000367613270839077,5.17076449753096e-05,0.000103643053324351,0,0.000508677438659485,0,0,0,0,0,0,0,0,0.00254038561750912,0.000393512662675324,0,6.82842445486411e-05,0,0,0,0.00214067278287462,0.000218252112368659,0,0,0.00721931165868699,0.000182013432591325,9.70591089973794e-05,7.76126353370329e-05,0,0,0,0,0,0,0,0,6.77843553707804e-05,0.000109541023113156,0,0.0010206065318818,0,0,0,0,0,0.000375042618479373,0,0,0.000215088455127171,0,0,0,0,0,0,0,0,0,0,0,0.000914855358213193,0,0,0.000413689356901091,0
"k__Bacteria|p__Proteobacteria|c__Gammaproteobacteria|o__Pseudomonadales",0,0,0,0,0,0,0,0,0,0,0,0.000241021932995903,0,0,0,0,0,0,0,0,0,0,0,0,0,0,0,0,0,0,0.000162121850783049,0,0,7.01508242721852e-05,0,0,0,0.000416682450092807,0,0,0,0,0,0,0,0,0,0,0,0,0,0,0,0,0,0,0,0,0,0,0,0,0,0,0,0,0,0,0,0,0,0,0,0,0,0,0,0,0,0,0,0,0,8.1804609689756e-05,0,0,0,0,0,0,0,0,0,0,0,0,0,0,0,0,0,0,0.000298607741405696,0,0,0,0,0,0,0,0.0260280214147397,6.56404870524139e-05,0,0,0,0,0,0,0,0,0,0,0,0,0,0,0,0,0,0,0,0,0,0,0,0,0,0,0,0,0,0,0,0,0,0,0,0,0,0,0,0,0,0,0,0,0,0,0,0,0,0,0,0,0.000845853304869698,0,0,0,0.00177190721649485,0,0,0,0,0,0,0,0
"k__Bacteria|p__Proteobacteria|c__Gammaproteobacteria|o__Aeromonadales",0,0,0,0,0,0,0,0,0,0,0,0,0,0,0,0,0,0,0,0,0,0,0,0,0.0283913400931762,0,0,0,0,0,0,0,0,0,0,0,0,0,0,0,0,0,0,0,0,0,0,0,0,0,0,0,0,0,0,0,0,0,0,0,0,0,0,0,0,0,0,0,0,0,0,0.00157665316721798,0,0,0,0,0,0,0,0,0,0,0,0,0,0,0,0,0,0,0,0,0,0,0,0,0,0,0,0,0,0,0,0,0,0,0,0,0,0,0,0,0,0,0,0,0,0,0,0,0,0,0,0,0,0,0,0,0,0,0,0,0,0,0,0,0,0,0,0,0,0,0,0,0,0,0,0,0,0,0,0,0,0,0,0,0,0,0,0,0,0,0,0,0,0,0,0,0,0,0,0,0,0,0,0,0
"k__Bacteria|p__Actinobacteria|c__Actinobacteria|o__Actinomycetales",0,0,0,0,0,0,0,0,0.00074992500749925,0,0,0,0,0,0,0,0,0,0,0,0,0,0,0,0,0.000243516376476318,0,0,0,0.0003252878797736,0,0,0,0.00126271483689933,0,0,0,0.00102276601386416,0,0,0,0.000290697674418605,0,0.000677572355047914,0,0,0.00170018926635229,0,0,0,0,0,0,0.000637438912104257,0.000227669423996357,0,0,0,0.000178562318249069,0,0.000906253146712315,0.000248577583825885,0,0,0,0.000279195915762604,0,0,0,0,0.00130696670076145,0,5.89205750648126e-05,0,0.000950035186488388,0,0,0.000343541421279937,0,0,0.000741748052911361,0,0.000748444024265343,0.00116571568807902,0.000376594642941204,0,0,0,0,0,0,0,0.000420203378435163,0,0.000282311877630633,0,7.65286599831637e-05,0,0,0,0,0.000303640930797471,0.000261281773729984,0,0,0,0,0,0,0,0,0.000196921461157242,0,0,0.000129553816655439,0,0.000269299820466786,0,0,0,0.000332741792369122,0,0.000395381938953029,0,0,0,0,0,0.000159329903946829,0.000187617260787992,0.00189304306672977,0.00061226988856688,0.00262996941896024,0,0,0,0,0,0,0,0.000344539055962987,0,0,0,0,0,0,0.000660372743726459,0.000180758280988748,0,0,7.2900466562986e-05,0,0,0,0,0,0,0.000326240620582158,0,0,0,0,0,0.000986828855681315,0,0,0,0,0,0,0,0.000283920628410991,0,0,0,0.000537856847331403
"k__Bacteria|p__Cyanobacteria|c__Oxyphotobacteria|o__Chloroplast",0.000582750582750583,0,0,0,0,0,0,0.000177767243422612,0,0,0,0,0,0,0,0,0,0,0,0,0,0,0,0,0,0,0,0,0.000121999573001495,0.00029275909179624,0,0,0.00126452494873548,0.00101718695194669,0,0,0,0,0,0,0,0,0,0,0,0,0,0,0,0,0,0,0,0,0,0,0,0,0,0,0,0.000193338120753466,0,0,0,0,0,0,0.000157977883096366,0,0,0,0,0,0,0,0,0.000490773458971339,0,0,0,0,0,0,0,0,0,0,0.000142663528069049,0,0,0,0,0,0,0.000304775837371613,0,0,0,0,0,0.000358848372760648,0,0.000372093023255814,0,0.00244985866200027,0.000137277781591049,0,0,0,0,0,0,0,0,0,0,0,0.00223882685472812,0,0,0,0,0,0,0,0,0,0,0,0,0,0,0,0,0,0,0,0,0,0,0,0,0,0,0,0,0,0,0,0,0.000121500777604977,0,0,0,0,0,0,0.00054373436763693,0.000725455424794454,0,0,0,0,0,0,0,0,0,0.000572840213382979,0,0.000412371134020619,0,0,0,0,0.00306164666942491
"k__Bacteria|p__Patescibacteria|c__Saccharimonadia|o__Saccharimonadales",0,0,0,0,0,0,0,0,0.00084991500849915,0,0,0,0,0,0,7.5763315402682e-05,0.000106651498453553,0,0,0,0.00012868356710848,0,0,0,0,0,0,0,0.000243999146002989,0.00019517272786416,0,0,0,0.00115748860049106,0.00010097610232245,0,0,0.000454562672828516,0,0,0,0.000290697674418605,0,9.67960507211306e-05,0.000625642400679269,0,0.00096237128284092,0,0,0.00032080071859361,0,0,0,0,0,0,0,0,0.000102035610428039,9.04104635043096e-05,0.00127546739166918,0.000165718389217257,0,0,0,0,0,0,0,0,0.000284123195817707,0,0,0,0.000387051372273047,0,0.000248911014312383,0,0,0,0,0,0,0.000654436877518048,0,0,0,0,0,0,0,0,0,0,0,0,0,0,0,4.12294625739554e-05,0,0,0.000149303870702848,0,0,0.000134607618791224,0,0,0.000139737991266376,0,0,0,0,0,0.000336839923304141,0,0,0,0.000279853356841015,0.000226244343891403,0,0,0,0,0,0,0.000252972426005565,0.000152268805197442,0.000159329903946829,0,0.00189304306672977,0.000163271970284501,0,0,0,8.03293503363792e-05,0,5.46040297773976e-05,0.000291177326992138,3.88063176685164e-05,0,0,0,0,0,0,0,0.00029349899721176,0.000112973925617967,0,0,0,0,0.000116566419545857,0,0,0,0,0.000616232283321854,0.00016121231662099,0,0,0,0,0.000181254279614935,0,0,0,0,0,0,0.000171821305841924,0,0,0,0,0.00028961522548614
"k__Bacteria|p__Cyanobacteria|c__Melainabacteria|o__Gastranaerophilales",0,0,0,0,0,0,0,0,0,0,0,0,0,0,0,0,0,0,0,0,0,0,0,0,0.000794738284461496,0,0,0,0,0,0,0,0,0,0,0,0,0,0,0.00440401830689963,0,0,0,0,0,0,0,0,0.00586071184120465,0,0,0,0,0,0,0,0,0,0,0,0,0,0,0,0,0,0,0,0,0,0,0,0,0,0,0,0,0,0,0,0,0,0,0,0,0,0,0,0,0,0,0,0,0,0,0,0,0,0,0,0,0,0,0,0,0,0,0,0,0,0,0,0,0,0,0,0,0,0,0,0,0,0,0,0,0,0,0,0,0,0,0,0,0,0,0,0,0,0,0,0,0,0,0,0,0,0,0,0,0,0,0,0,0,0,0,0,0,0,0,0,0,0,0,0,0,0,0,0,0,0,0,0,0,0,0,0
"k__Bacteria|p__Tenericutes|c__Mollicutes|o__Anaeroplasmatales",0,0,0,0,0,0,0,0,0,0,0,0,0,0,0,0,0,0,0,0,0,0,0,0,0,0,0,0,0,0,0,0,0,0,0,0,0,0,0,0,0,0,0,0,0,0.0013672696676483,0,0,0,0,0,0,0,0,0,0,0,0,0,0,0,0,0,0,0,0,0,0,0,0,0,0,0,0,0,0,0,0,0,0,0,0,0,0,0,0,0,0,0,0,0,0,0,0,0,0,0,0,0,0,0,0,0,0,0,0,0,0,0,0,0,0,0,0,0,0,0,0,0,0,0,0,0,0,0,0,0,0,0,0,0,0,0,0,0,0,0,0,0,0,0,0,0,0,0,0.00133827465513692,0,0,0,0,0,0,0,0,0,0,0,0,0,0,0,0,0,0,0,0,0,0.00570635410240592,0,0,0,0,0,0,0,0,0
"k__Bacteria|p__Actinobacteria|c__Actinobacteria|o__Micrococcales",0,0,0,0,0,0,0,0,0,0,0,0,0,0,0,0,0,0,0,0,0,0,0,0,0,0,6.85330500633931e-05,0,0,0.00013011515190944,0,0,0,0,0,0,0,0.000113640668207129,0,0,0,0,0,0,0,0,0,0,0,0,0,0,0,0,0,0,0,0,5.10178052140197e-05,0.000542462781025857,0.000570603833115161,0.000331436778434514,0,0,0,0,0,0,0,0,0,0,0,0,0,0.00012102142079148,0,0,0,0.000127610702284232,0.00018543701322784,0,0.000275742535255653,0.000490827658138536,0,0,0,0,0,0,0,0,0,0,7.69941484447182e-05,0.000883849928377678,0.000497436289890564,0,0,0,0,0,0,0,0,8.07645712747341e-05,0,0,0,0,0,0,0,0,0,0,0,0,0,0,0,0,0,0,0,0,0,0,0,0,0,0,0,0,0,0,0,0,0,0,0,0,0,0,0,0,0,0,0,0,0,0,0,0,0,0,0,0,0,0,0,0,0,0,0.00296048656704394,0,0,0,0,0,0,0,0,0,0,0,0
"k__Bacteria|p__Actinobacteria|c__Actinobacteria|o__Corynebacteriales",0,0,0,0,0,0,0,0,0,0,0,0,0,0,0,0,0,0,0,0,0,0,0,0,0,0,0,0,0,0,0,0,0.000170881749829118,0,0,0,0,0,0,0,0,0,0,0,0,0.000631047538914598,0,0,0,0,0,0,0,0,0,0,0,0,7.65267078210295e-05,0,0,0,0,0,0,0,0,0,0,0,0,0,0,0,0,0,0,0,0,0,0.000309061688713067,0,0,0,0,0,0,0,0,0,0,0,0,0,0,0,0,0,0,0,0,0.000193226046871118,0,0,0,0,0,0,0,0,0,0,0,0,0,0,0,0,0,0,0,0,0,0,0,0,0,0,6.82842445486411e-05,0,0,0,0,0,0,0,0,0,0,0,0,0,0,0,0.000200601805416249,0.000257360510603253,0,0,0,0,0,0,0,0,0,0,0,0,0,0,0,0,0,0,0.000483344745639828,0,0,0.000925354719309068,0.00144974226804124,0,0,0.000206185567010309,0,0,0,0,0.000124120810922631
"k__Bacteria|p__Bacteroidetes|c__Bacteroidia|o__Flavobacteriales",0,0,0,0.00341447992412267,0,0,0,0,0,0,0,0,0,0,0,0,0,0,0,0,0,0,0,0,0,0,0,0,0,0,0,0,0,0,0,0,0,0,0,0,0,0,0,0,0,0,0,0,0,0,0,0.00141452243028425,0,0,0,0,0,0,0,0,0,0,0,0,0,0,0,0,0,0,0,0,0,0,0,0,0,0,0,0,0,0,0,0,0,0,0,0,0,0,0,0,0,0,0,0,0,0,0,0,0,0,0,0,0,0,0,0,0,0,0,0,0,0,0,0,0,0,0,0,0,0,0,0,0,0,0,0,0,0,0,0,0,0,0,0,0,0,0,0,0,0,0,0,0,0,0,0,0,0,0,0,4.9774769169508e-05,0,0,0,0,0,0,0,0,0,0,0,0,0,0.000205212394828648,0,0,0,0,0,0,0,0,0,0
"k__Bacteria|p__Synergistetes|c__Synergistia|o__Synergistales",0,0,0,0.00328801770471072,0.000212066588908917,0,0,0,0,0,0,0,0,0,0,0,0,0,0.000119655392469687,0,0,0,0,0,0,0,0,0,0,0,0,0,0,0,0,0,0,0,0,0,0,0,0,0.000193592101442261,0,0,0,0,0,0,0,0,0,0,0,0,0,0,0.000280597928677108,0,0,0,0,0,0,0,0,0,0,0,0,0,0,0,0,0,0,0,0,0,0,0,0,0,0,0,0,0,0,0,0,0,0,0,0,0,0,0,0,0,0.000968779703151276,0,0,0,0,0,0,0,0,0,0,0,0,0,0,0,0,0,0,0,0,0,0,0,0,0,0,0,0,0,0,0,0,0,0,0,0,0,0,0,0,0,0,0,0,0,0,0,0,0,0,0,0,0,0,0,0,0,0,0,0,0,0,0,0,0,0,0,0,0,0,0,0,0,0,0,0
"k__Bacteria|p__Proteobacteria|c__Alphaproteobacteria|o__Rhizobiales",0.000582750582750583,0,0,0,0,0,0,0,0,0,0,0,0.000115117851900884,0,0,0,0,0.000128886740776543,0,0,0,0,0,0,0,0,0,0,0,0.00019517272786416,0,0,0,0.000210452472816556,0,0,0,0.000113640668207129,0,0,0,0,0,0,0,0,0,0,0,0,0,0,0,0,0,0,0,0,0.000306106831284118,0.000331505032849135,0.000369214244956869,8.28591946086284e-05,0,0,0,0,0,0.000118771898568799,0,0,0,6.18295359693325e-05,0,0,0.000211118930330753,0,8.29703381041278e-05,0,0.000147666863555818,0,0,0,0.000196958953754038,0.000674888029940487,0,0,0,0,0,0,0.000117453605825699,0,0,0,0.000153988296889436,0,0,0,0,0,0,0,0,0,0,0,0,0,0,0,0,0.00032820243526207,0,0,0,0,0,0,0,0,0,0,0,0,5.51785024554434e-05,0,0,0,0,0,0,0,0,0,0,0,0,0,0,0,0,0,0,0,0,0,0,0,0,0,0,0,0,0,0,0,0,0,0,0,0,0,0,0,0.000120836186409957,0,0,0,0,0,0,0,0,0,0,0,0
"k__Bacteria|p__Proteobacteria|c__Alphaproteobacteria|o__Caulobacterales",0,0,0,0,0,0,0,0,0,0,0,0,0,0,0,0,0,0,0,0,0,0,0,0,0,0,0,0,0,0,0,0,0,0,0,0,0,0,0,0,0,0,0,0,0,0,0,0,0,0,0,0,0,0,0,0,0,0,0,0,0,0,0,0,0,0,0,0,0,0,0,0,0,0,0,0,0,0,0,0,0,0,0,0,0,0,0,0,0,0,0,0,0,0,0,0,0,0,0,0,0,0,0,0,0,0,0,0,0,0,0,0,0,0,0,0,0,0,0,0,0,0,0,0,0,0,0,0,0,0,0,0,0,0,0,0,0,0,0,0,0,0,0,0,0,0.000463248919085855,0,0,0,0,0,0,0,0,0,0,0,0,0,0,0,0,0,0,0,0,0,0.00107958050586058,0,0,0,0,0,0,0,0,0
"k__Bacteria|p__Deinococcus-Thermus|c__Deinococci|o__Deinococcales",0,0,0,0,0,0,0,0,0,0,0,0,0,0,0,0,0,0,0,0,0,0,0,0,0,0,0,0,0,0,0,0,0,0,0,0,0,0,0,0,0,0,0,0,0,0,0,0,0,0,0,0,0,0,0,0,0,0,0,0,0,0,0,0,0,0,0,0,0,0,0,0,0,0,0,0,0,0,0,0,0,0,0,0,0,0,0,0,0,0,0,0,0,0,0,0,0,0,0,0,0,0,0,0,0,0,0,0,0,0,0,0,0,0,0,0,0,0,0,0,0,0,0,0,0,0,0,0,0,0,0,0,0,0,0,0,0,0,0,0,0,0,0,0,0,0,0,0,0,0,0,0,0,0,0,0,0,0,0,0,0,0,0,0,0,0,0,0,0.000966494845360825,0,0,0,0,0,0,0,0
"k__Bacteria|p__Proteobacteria|c__Alphaproteobacteria|o__Rhodospirillales",0,0,0,0,0,0,0,0,0,0,0,0,0,0,0,0,0,0,0,0,0,0,0,0,0,0,0,0,0,0,0,0,0,0,0,0,0,0,0,0,0,0,0,0,0,0,0,0,0,0,0,0,0,0,0,0,0,0,0,0,0,0,0,0,0,0,0,0,0,0,0,0,0,0,0,0,0,0,0,0,0,0,0,0,0,0,0,0,0,0,0,0,0,0,0,0,0,0,0,0.000103073656434888,0.000109673173941654,0,0,0,0,0,0,0,0,0,0,0,0.000122537756946359,0,0,0,0,0,0,0,0,0,0,0,0,0,0,0,0,0,0,0,0,0,0,0,0,0,0,0,0,0,0,0,0,0,0,0,0,0,0,0,0,0,0,0,0,0,0,0,0,0,0,0,0,8.32119825254837e-05,0,0,0,0,0,0,0,0,0,0,0
"k__Bacteria|p__Proteobacteria|c__Alphaproteobacteria|o__Rickettsiales",0,0,0,0,0,0,0,0,0,0,0,0,0,0,0,0,0,0,0,0,0,0,0,0,0,0,0,0,0,0,0,0,0.000205058099794942,0,0,0,0,0,0,0,0,0,0,0,0,0,0,0,0,0,0,0,0,0,0,0,0,0,0,0,0,0,0,0,0,0,0,0,0,0,0,0,0,0,0,0,0,0,0,0,0,0,0,0,0,0,0,0,0,0,0,0,0,0,0,0,0,0,0,0,0,0,0,0,0,0.000161529142549468,0,0,0,0,0,0,0,0,0,0,0,0,0,0,0,0,0,0,0,0,0,0,0,0,0,0,0,0,0,0,0,0,0,0,0,0,0,0,0,0,0,0,0,0,0,0,0,0,0,0,0,0,0,0,0,0,0,0,0,0,0,0,0,0,0,0,0,0,0,0,0
"k__Bacteria|p__Epsilonbacteraeota|c__Campylobacteria|o__Campylobacterales",0,0,0,0,0,0,0,0,0,0,0,0,0,0,0,0,0,0,0.000319081046585833,0,0,0,0,0,0,0,0,0,0,0,0,0,0,0,0,0,0,0,0,0,0,0,0,0,0,0,0,0,0,0,0,0,0,0,0,0,0,0,0,0,0,0,0,0,0,0,0,0,0,0,0,0,0,0,0,0,0,0,0,0,0,0,0,0,0,0,0,0,0,0,0,0,0,0,0,0,0,0,0,0,0,0,0,0,0,0,0,0,0,0,0,0,0,0,0,0,0,0,0,0,0,0,0,0,0,0,0,0,0,0,0,0,0,0,0,0,0,0,0,0,0,0,0,0,0,0,0,0,0,0,0,0,0,0,0,0,0,0,0,0,0,0,0,0,0,0,0,0,0,0,0,0,0,0,0,0,0
"k__Bacteria|p__Tenericutes|c__Mollicutes|o__Mycoplasmatales",0,0,0,0,0,0,0,0,0,0,0,0,0,0,0,0,0,0,0,0,0,0,0,0.000289580371715895,0,0,0,0,0,0,0,0,0,0,0,0,0,0,0,0,0,0,0,0,0,0,0,0,0,0,0,0,0,0,0,0,0,0,0,0,0,0,0,0,0,0,0,0,0,0,0,0,0,0,0,0,0,0,0,0,0,0,0,0,0,0,0,0,0,0,0,0,0,0,0,0,0,0,0,0,0,0,0,0,0,0,0,0,0,0,0,0,0,0,0,0,0,0,0,0,0,0,0,0,0,0,0,0,0,0,0,0,0,0,0,0,0,0,0,0,0,0,0,0,0,0,0,0,0,0,0,0,0,0,0,0,0,0,0,0,0,0,0,0,0,0,0,0,0,0,0,0,0,0,0,0,0
"k__Bacteria|p__Proteobacteria|c__Alphaproteobacteria|o__Rhodobacterales",0,0,0,0,0,0,0,0,0,0,0,0,0,0,0,0,0,0,0,0,0,0,0,0,0,0,0,0,0,0,0,0,0,0,0,0,0,0,0,0,0,0,0,0,0,0,0,0,0,0,0,0,0,0,0,0,0,0,0,0,0,0,0,0,0,0,0,0,0,0,0,0,0,0,0,0,0,0,0,0,0,0,0,0,0,0,0,0,0,0,0,0,0,0,0,0,0,0,0,0,0,0,0,0,0,0,0,0,0,0,0,0,0,0,0,0,0,0,0,0,0,0,0,0,0,0,0,0,0,0,0,0,0,0,0,0,0,0,0,0,0,0,0,0,0,0,0,0,0,0,0,0,0,0,0,0,0,0,0,0,0,0,0,0,0.000221533008418254,0,0,0,0,0,0,0,0,0,0,0,0
"k__Bacteria|p__Proteobacteria|c__Gammaproteobacteria|o__Cardiobacteriales",0,0,0,0,0,0,0,0,0,0,0,0,0,0,0,0,0,0,0,0,0,0,0,0,0,0,0,0,0,0,0,0,0,0,0,0,0,0,0,0,0,0,0,0,0,0,0,0,0,0,0,0,0,0,0,0,0,0,0,0,0,0,0,0,0,0,0,0,0,0,0,0,0,0,0,0,0,0,0,0,0,0,0,0,0,0,0,0,0,0,0,0,0,0,0,0,0,0,0,0,0,0,0,0,0,0,0,0,0,0,0,0,0,0,7.77322899932632e-05,0,0,0,0,0,0,0,0,0,0,0,0,0,0,0,0,0,0,0,0,0,0,0,0,0,0,0,0,0,0,0,0,0,0,0,0,0,0,0,0,0,0,0,0,0,0,0,0,0,0.000100696822008297,0,0,0,0,0,0,0,0,0,0,0,0
"k__Bacteria|p__Proteobacteria|c__Alphaproteobacteria|o__Sphingomonadales",0,0,0,0,0,0,0,0,0,0,0,0,0,0,0,0,0,0,0,0,0,0,0,0,0,0,0,0,0,0,0,0,0,0,0,0,0,0,0,0,0,0,0,0,0,0,0,0,0,0,0,0,0,0,0,0,0,0,0,0,0,0,0,0,0,0,0,0,0,0,0,0,0,0,0,0,0,0,0,0,0,0,0,0,0,0,0,0,0,0,0,0,0,0,0,0,0,0,0,0,0,0,0,0,0,0,0,0,0,0.000105448154657293,0,0,0,0,0,0,0,0,0,0,0,0,0,0,0,0,0,0,0,0,0,0,0,0,0,0,0,0,0,0,0,0,0,0,0,0,0,0,0,0,0,0,0,0,0,0,0,0,0,0,0,0,0,0,0,0,0,0,0,0,0,0,0,0,0,0,0
"k__Bacteria|p__Proteobacteria|c__Gammaproteobacteria|o__Xanthomonadales",0,0,0,0,0,0,0,0,0,0,0,0,0,0,0,0,0,0,0,0,0,0,0,0,0,0,0,0,0,0,0,0,0,0,0,0,0,0,0,0,0,0,0,0,0,0,0,0,0,0,0,0,0,0,0,0,0,0,0,0,0,0,0,0,0,0,0,0,0,0,0,0,0,0,0,0,0,0,0,0,0,0,0,0,0,0,0,0,0,0,0,0,0,0,0,0,0,0,0,0,0,0,0,0,0,0,0,0,0,0,0,0,0,0,0,0,0,0,0,0,0,0,0,0,0,0,0,0,0,0,0,0,0,0,0,0,0,0,0,0,0,0,0,0,0,0,0,0,0,0,0,0,0,0,0,0,0,0,0,0,0,0,0,0,8.05574576066379e-05,0,0,0,0,0,0,0,0,0,0,0,0
